epoch;f1;loss;val_f1;val_loss
0;0.5211500525474548;0.4780212938785553;0.681014358997345;0.3163148760795593
1;0.7454620599746704;0.25455382466316223;0.789736807346344;0.2070160061120987
2;0.8277601599693298;0.17206692695617676;0.8426535725593567;0.1538456827402115
