epoch;f1;loss;val_f1;val_loss
0;0.10030940175056458;0.9015179872512817;0.15638785064220428;0.8473556637763977
