epoch;f1;loss;val_f1;val_loss
0;0.0;0.9987417459487915;0.0;0.9988756775856018
1;0.0;0.9986459612846375;0.0;0.9988133311271667
2;0.0;0.9985864758491516;0.0;0.9987471103668213
3;0.0;0.9985319375991821;0.0;0.9986802339553833
4;0.0;0.9984764456748962;0.0;0.9986125826835632
