epoch;f1;loss;val_f1;val_loss
0;0.13604135811328888;0.8640393018722534;0.15590964257717133;0.8447186946868896
