epoch;f1;loss;val_f1;val_loss
0;0.24933578073978424;0.7542333602905273;0.3690597414970398;0.6336880922317505
