epoch;f1;loss;val_f1;val_loss
0;0.11169654130935669;0.887885332107544;0.1575903445482254;0.842864990234375
1;0.1763165295124054;0.8238084316253662;0.19953542947769165;0.8006312251091003
2;0.17825552821159363;0.8217712640762329;0.0696871429681778;0.9305026531219482
3;0.16750168800354004;0.8326352834701538;0.1836494356393814;0.8165295720100403
