epoch;f1;loss;val_f1;val_loss
0;0.2501504123210907;0.7533013224601746;0.34924212098121643;0.6514713764190674
1;0.39229172468185425;0.6098812222480774;0.45202621817588806;0.547709584236145
