epoch;f1;loss;val_f1;val_loss
0;0.24947874248027802;0.7536613941192627;0.3385697305202484;0.6620169878005981
1;0.37313225865364075;0.6289456486701965;0.42805710434913635;0.5721398591995239
