epoch;f1;loss;val_f1;val_loss
0;0.09574737399816513;0.9038013219833374;0.14097611606121063;0.8580029010772705
